nome,email,celular,conta,agencia,pix
Deborah Rodrigues,del@gmail.com,62985330681,549863,13103,054926853
Carlos Silva,carlos@gmail.com,61975430682,438971,13307,075439871
Fernanda Oliveira,fernanda@gmail.com,61985320683,987651,13509,093287651
Pedro Santos,pedro@gmail.com,61995310684,123456,13711,085112345
Ana Costa,ana@gmail.com,61905300685,567891,13913,078956789
Roberto Ferreira,roberto@gmail.com,61915290686,246810,14115,097524681
Maria Souza,maria@gmail.com,61925280687,135790,14317,061713579
Paulo Lima,paulo@gmail.com,61935270688,246801,14519,094524680
Amanda Silva,amanda@gmail.com,61945260689,987654,14721,056798765
Lucas Oliveira,lucas@gmail.com,61955250680,123789,14923,078912378
Isabela Santos,isabela@gmail.com,61965240681,987123,15125,093698712
Rafaela Costa,rafaela@gmail.com,61975230682,654789,15327,064565478
Thiago Ferreira,thiago@gmail.com,61985220683,147258,15529,098714725
Juliana Souza,juliana@gmail.com,61995210684,369852,15731,057936985
Guilherme Lima,guilherme@gmail.com,61905200685,258963,15933,084925896
Sara Oliveira,sara@gmail.com,61915190686,369741,16135,097136974
Bruno Santos,bruno@gmail.com,61925180687,741258,16337,065874125
Larissa Ferreira,larissa@gmail.com,61935170688,987412,16539,093698741
Gustavo Costa,gustavo@gmail.com,61945160689,654123,16741,058965412
Mariana Silva,mariana@gmail.com,61955150680,123654,16943,086712365
Vinicius Oliveira,vinicius@gmail.com,61965140681,987321,17145,094698732
Camila Santos,camila@gmail.com,61975130682,147963,17347,059714796
Ricardo Ferreira,ricardo@gmail.com,61985120683,852741,17549,097585274
Daniela Souza,daniela@gmail.com,61995110684,369852,17751,065936985
Jose Lima,jose@gmail.com,61905100685,741963,17953,098741963
Vanessa Oliveira,vanessa@gmail.com,61915090686,963852,18155,057996385
Luis Santos,luis@gmail.com,61925080687,123789,18357,087123789
Julia Ferreira,julia@gmail.com,61935070688,147258,18559,094725874
Felipe Costa,felipe@gmail.com,61945070689,369852,18761,056936985
Ana Paula Oliveira,anapaula@gmail.com,61955060680,741963,18963,098741963
Marcos Ferreira,marcos@gmail.com,61965050681,963852,19165,057996385
Luiza Santos,luiza@gmail.com,61975040682,123789,19367,087123789
Andre Lima,andre@gmail.com,61985030683,147258,19569,094725874
Carolina Ferreira,carolina@gmail.com,61995020684,369741,19771,065936974
Fernando Souza,fernando@gmail.com,61905010685,852741,19973,097585274
Mariana Lima,marianalima@gmail.com,61915000686,741852,20175,059874185
Robson Santos,robson@gmail.com,61924990687,963741,20377,087963741
Juliana Oliveira,julianaoliveira@gmail.com,61934980688,258963,20579,084925896
Rodrigo Ferreira,rodrigo@gmail.com,61944970689,741852,20781,059874185
Patricia Costa,patricia@gmail.com,61954960680,963741,20983,087963741
Gabriel Lima,gabriel@gmail.com,61964950681,852963,21185,097528963
Carla Santos,carla@gmail.com,61974940682,369852,21387,056936985
Vitor Oliveira,vitor@gmail.com,61984930683,741963,21589,098741963
Juliana Ferreira,julianaferreira@gmail.com,61994920684,963852,21791,057996385
Mateus Souza,mateus@gmail.com,61904910685,123789,21993,087123789
Thais Lima,thais@gmail.com,61914900686,147258,22195,094725874
Marcos Santos,marcossantos@gmail.com,61924890687,369741,22397,065936974
Tatiane Oliveira,tatiane@gmail.com,61934880688,852741,22599,097585274
Pedro Ferreira,pedrof@gmail.com,61944870689,741852,22701,059874185
Rafaela Costa,rafaelacosta@gmail.com,61954860680,963741,22903,087963741
Luisa Lima,luisalima@gmail.com,61964850681,852963,23105,097528963
Ricardo Santos,ricardosantos@gmail.com,61974840682,369852,23307,056936985
Aline Oliveira,aline@gmail.com,61984830683,741963,23509,098741963
Fabio Ferreira,fabio@gmail.com,61994820684,963852,23711,057996385
Talita Souza,talita@gmail.com,61904810685,123789,23913,087123789
